[{"aluno":{"nome":"Gabriel Henrique Cavacanti","senha":"123","codigo":"123"},"disciplina":{"nome":"mat","aulasTotais":50,"vagas":50,"vagasPreenchidas":1},"semestre":2020.1,"notas":[0.0,0.0,0.0,0.0],"faltas":0,"cursando":-1},{"aluno":{"nome":"Gabriel Henrique Cavacanti","senha":"123","codigo":"123"},"disciplina":{"nome":"fis","aulasTotais":50,"vagas":50,"vagasPreenchidas":1},"semestre":2020.1,"notas":[0.0,0.0,0.0,0.0],"faltas":0,"cursando":-1},{"aluno":{"nome":"Gabriel Henrique Cavacanti","senha":"123","codigo":"123"},"disciplina":{"nome":"art","aulasTotais":50,"vagas":50,"vagasPreenchidas":1},"semestre":2020.1,"notas":[0.0,0.0,0.0,0.0],"faltas":0,"cursando":-1},{"aluno":{"nome":"Gabriel Henrique Cavacanti","senha":"123","codigo":"123"},"disciplina":{"nome":"bio","aulasTotais":50,"vagas":50,"vagasPreenchidas":1},"semestre":2020.1,"notas":[0.0,0.0,0.0,0.0],"faltas":0,"cursando":-1},{"aluno":{"nome":"Gabriel Henrique Cavacanti","senha":"123","codigo":"123"},"disciplina":{"nome":"mat","aulasTotais":50,"vagas":50,"vagasPreenchidas":1},"semestre":2020.2,"notas":[0.0,0.0,0.0,0.0],"faltas":0,"cursando":0},{"aluno":{"nome":"Gabriel Henrique Cavacanti","senha":"123","codigo":"123"},"disciplina":{"nome":"fis","aulasTotais":50,"vagas":50,"vagasPreenchidas":1},"semestre":2020.2,"notas":[0.0,0.0,0.0,0.0],"faltas":0,"cursando":0},{"aluno":{"nome":"Gabriel Henrique Cavacanti","senha":"123","codigo":"123"},"disciplina":{"nome":"art","aulasTotais":50,"vagas":50,"vagasPreenchidas":1},"semestre":2020.2,"notas":[0.0,0.0,0.0,0.0],"faltas":0,"cursando":0},{"aluno":{"nome":"Gabriel Henrique Cavacanti","senha":"123","codigo":"123"},"disciplina":{"nome":"bio","aulasTotais":50,"vagas":50,"vagasPreenchidas":1},"semestre":2020.2,"notas":[0.0,0.0,0.0,0.0],"faltas":0,"cursando":0},{"aluno":{"nome":"Tammy J. Scheetz","senha":"A001","codigo":"A001"},"disciplina":{"nome":"Matemática ","aulasTotais":40,"vagas":30,"vagasPreenchidas":1},"semestre":2020.1,"notas":[4.0,3.0,8.0,7.0],"faltas":2,"cursando":-1},{"aluno":{"nome":"Tammy J. Scheetz","senha":"A001","codigo":"A001"},"disciplina":{"nome":"Artes","aulasTotais":40,"vagas":30,"vagasPreenchidas":1},"semestre":2020.1,"notas":[8.0,7.0,9.0,7.0],"faltas":1,"cursando":1},{"aluno":{"nome":"Tammy J. Scheetz","senha":"A001","codigo":"A001"},"disciplina":{"nome":"Biologia ","aulasTotais":40,"vagas":30,"vagasPreenchidas":1},"semestre":2020.1,"notas":[9.2,10.0,8.5,9.0],"faltas":0,"cursando":1},{"aluno":{"nome":"Tammy J. Scheetz","senha":"A001","codigo":"A001"},"disciplina":{"nome":"Física ","aulasTotais":40,"vagas":30,"vagasPreenchidas":1},"semestre":2020.1,"notas":[6.7,7.3,5.0,8.0],"faltas":3,"cursando":-1},{"aluno":{"nome":"Tammy J. Scheetz","senha":"A001","codigo":"A001"},"disciplina":{"nome":"História ","aulasTotais":40,"vagas":30,"vagasPreenchidas":1},"semestre":2020.1,"notas":[10.0,9.5,5.0,6.0],"faltas":4,"cursando":1},{"aluno":{"nome":"Iris G. Shelton","senha":"A002","codigo":"A002"},"disciplina":{"nome":"Matemática ","aulasTotais":40,"vagas":30,"vagasPreenchidas":5},"semestre":2020.1,"notas":[5.0,7.0,7.0,7.0],"faltas":1,"cursando":-1},{"aluno":{"nome":"Iris G. Shelton","senha":"A002","codigo":"A002"},"disciplina":{"nome":"Artes","aulasTotais":40,"vagas":30,"vagasPreenchidas":5},"semestre":2020.1,"notas":[7.0,8.0,5.0,9.0],"faltas":2,"cursando":1},{"aluno":{"nome":"Iris G. Shelton","senha":"A002","codigo":"A002"},"disciplina":{"nome":"Biologia ","aulasTotais":40,"vagas":30,"vagasPreenchidas":5},"semestre":2020.1,"notas":[6.0,7.0,8.0,7.5],"faltas":2,"cursando":1},{"aluno":{"nome":"Iris G. Shelton","senha":"A002","codigo":"A002"},"disciplina":{"nome":"Física ","aulasTotais":40,"vagas":30,"vagasPreenchidas":5},"semestre":2020.1,"notas":[7.0,7.7,7.5,8.0],"faltas":4,"cursando":1},{"aluno":{"nome":"Iris G. Shelton","senha":"A002","codigo":"A002"},"disciplina":{"nome":"História ","aulasTotais":40,"vagas":30,"vagasPreenchidas":5},"semestre":2020.1,"notas":[8.0,8.2,8.5,9.0],"faltas":1,"cursando":1},{"aluno":{"nome":"Frances B. Guerrero","senha":"A003","codigo":"A003"},"disciplina":{"nome":"Matemática ","aulasTotais":40,"vagas":30,"vagasPreenchidas":5},"semestre":2020.1,"notas":[4.0,5.0,6.0,10.0],"faltas":0,"cursando":-1},{"aluno":{"nome":"Frances B. Guerrero","senha":"A003","codigo":"A003"},"disciplina":{"nome":"Artes","aulasTotais":40,"vagas":30,"vagasPreenchidas":5},"semestre":2020.1,"notas":[7.0,10.0,4.0,8.0],"faltas":4,"cursando":1},{"aluno":{"nome":"Frances B. Guerrero","senha":"A003","codigo":"A003"},"disciplina":{"nome":"Biologia ","aulasTotais":40,"vagas":30,"vagasPreenchidas":5},"semestre":2020.1,"notas":[7.0,8.0,7.4,8.5],"faltas":2,"cursando":1},{"aluno":{"nome":"Frances B. Guerrero","senha":"A003","codigo":"A003"},"disciplina":{"nome":"Física ","aulasTotais":40,"vagas":30,"vagasPreenchidas":5},"semestre":2020.1,"notas":[9.0,8.0,10.0,7.0],"faltas":0,"cursando":1},{"aluno":{"nome":"Frances B. Guerrero","senha":"A003","codigo":"A003"},"disciplina":{"nome":"História ","aulasTotais":40,"vagas":30,"vagasPreenchidas":5},"semestre":2020.1,"notas":[7.0,8.0,9.0,10.0],"faltas":0,"cursando":1},{"aluno":{"nome":"Kenneth T. Wynn","senha":"A004","codigo":"A004"},"disciplina":{"nome":"Matemática ","aulasTotais":40,"vagas":30,"vagasPreenchidas":5},"semestre":2020.1,"notas":[2.0,8.0,10.0,5.0],"faltas":4,"cursando":-1},{"aluno":{"nome":"Kenneth T. Wynn","senha":"A004","codigo":"A004"},"disciplina":{"nome":"Artes","aulasTotais":40,"vagas":30,"vagasPreenchidas":5},"semestre":2020.1,"notas":[10.0,10.0,10.0,10.0],"faltas":0,"cursando":1},{"aluno":{"nome":"Kenneth T. Wynn","senha":"A004","codigo":"A004"},"disciplina":{"nome":"Biologia ","aulasTotais":40,"vagas":30,"vagasPreenchidas":5},"semestre":2020.1,"notas":[6.0,6.5,6.7,6.9],"faltas":3,"cursando":-1},{"aluno":{"nome":"Kenneth T. Wynn","senha":"A004","codigo":"A004"},"disciplina":{"nome":"Física ","aulasTotais":40,"vagas":30,"vagasPreenchidas":5},"semestre":2020.1,"notas":[7.0,7.0,7.0,0.0],"faltas":5,"cursando":1},{"aluno":{"nome":"Kenneth T. Wynn","senha":"A004","codigo":"A004"},"disciplina":{"nome":"História ","aulasTotais":40,"vagas":30,"vagasPreenchidas":5},"semestre":2020.1,"notas":[7.0,7.0,7.0,7.0],"faltas":3,"cursando":1},{"aluno":{"nome":"Gary J. Barlow","senha":"A005","codigo":"A005"},"disciplina":{"nome":"Matemática ","aulasTotais":40,"vagas":30,"vagasPreenchidas":5},"semestre":2020.1,"notas":[6.0,6.0,6.0,5.0],"faltas":5,"cursando":-1},{"aluno":{"nome":"Gary J. Barlow","senha":"A005","codigo":"A005"},"disciplina":{"nome":"Artes","aulasTotais":40,"vagas":30,"vagasPreenchidas":5},"semestre":2020.1,"notas":[4.5,7.5,8.3,7.7],"faltas":3,"cursando":1},{"aluno":{"nome":"Gary J. Barlow","senha":"A005","codigo":"A005"},"disciplina":{"nome":"Biologia ","aulasTotais":40,"vagas":30,"vagasPreenchidas":5},"semestre":2020.1,"notas":[3.0,6.0,5.0,8.0],"faltas":6,"cursando":-1},{"aluno":{"nome":"Gary J. Barlow","senha":"A005","codigo":"A005"},"disciplina":{"nome":"Física ","aulasTotais":40,"vagas":30,"vagasPreenchidas":5},"semestre":2020.1,"notas":[2.5,10.0,10.0,5.0],"faltas":7,"cursando":-1},{"aluno":{"nome":"Gary J. Barlow","senha":"A005","codigo":"A005"},"disciplina":{"nome":"História ","aulasTotais":40,"vagas":30,"vagasPreenchidas":5},"semestre":2020.1,"notas":[6.0,5.0,7.8,8.0],"faltas":2,"cursando":-1},{"aluno":{"nome":"Tammy J. Scheetz","senha":"A001","codigo":"A001"},"disciplina":{"nome":"Matemática ","aulasTotais":40,"vagas":30,"vagasPreenchidas":10},"semestre":2020.2,"notas":[0.0,0.0,0.0,0.0],"faltas":0,"cursando":0},{"aluno":{"nome":"Tammy J. Scheetz","senha":"A001","codigo":"A001"},"disciplina":{"nome":"Física ","aulasTotais":40,"vagas":30,"vagasPreenchidas":7},"semestre":2020.2,"notas":[0.0,0.0,0.0,0.0],"faltas":0,"cursando":0},{"aluno":{"nome":"Iris G. Shelton","senha":"A002","codigo":"A002"},"disciplina":{"nome":"Matemática ","aulasTotais":40,"vagas":30,"vagasPreenchidas":10},"semestre":2020.2,"notas":[0.0,0.0,0.0,0.0],"faltas":0,"cursando":0},{"aluno":{"nome":"Frances B. Guerrero","senha":"A003","codigo":"A003"},"disciplina":{"nome":"Matemática ","aulasTotais":40,"vagas":30,"vagasPreenchidas":10},"semestre":2020.2,"notas":[0.0,0.0,0.0,0.0],"faltas":0,"cursando":0},{"aluno":{"nome":"Kenneth T. Wynn","senha":"A004","codigo":"A004"},"disciplina":{"nome":"Matemática ","aulasTotais":40,"vagas":30,"vagasPreenchidas":10},"semestre":2020.2,"notas":[0.0,0.0,0.0,0.0],"faltas":0,"cursando":0},{"aluno":{"nome":"Kenneth T. Wynn","senha":"A004","codigo":"A004"},"disciplina":{"nome":"Biologia ","aulasTotais":40,"vagas":30,"vagasPreenchidas":7},"semestre":2020.2,"notas":[0.0,0.0,0.0,0.0],"faltas":0,"cursando":0},{"aluno":{"nome":"Gary J. Barlow","senha":"A005","codigo":"A005"},"disciplina":{"nome":"Matemática ","aulasTotais":40,"vagas":30,"vagasPreenchidas":10},"semestre":2020.2,"notas":[0.0,0.0,0.0,0.0],"faltas":0,"cursando":0},{"aluno":{"nome":"Gary J. Barlow","senha":"A005","codigo":"A005"},"disciplina":{"nome":"Biologia ","aulasTotais":40,"vagas":30,"vagasPreenchidas":7},"semestre":2020.2,"notas":[0.0,0.0,0.0,0.0],"faltas":0,"cursando":0},{"aluno":{"nome":"Gary J. Barlow","senha":"A005","codigo":"A005"},"disciplina":{"nome":"Física ","aulasTotais":40,"vagas":30,"vagasPreenchidas":7},"semestre":2020.2,"notas":[0.0,0.0,0.0,0.0],"faltas":0,"cursando":0},{"aluno":{"nome":"Gary J. Barlow","senha":"A005","codigo":"A005"},"disciplina":{"nome":"História ","aulasTotais":40,"vagas":30,"vagasPreenchidas":6},"semestre":2020.2,"notas":[0.0,0.0,0.0,0.0],"faltas":0,"cursando":0},{"aluno":{"nome":"Tammy J. Scheetz","senha":"A001","codigo":"A001"},"disciplina":{"nome":"Geografia ","aulasTotais":10,"vagas":20,"vagasPreenchidas":8},"semestre":2020.2,"notas":[0.0,0.0,0.0,0.0],"faltas":0,"cursando":0},{"aluno":{"nome":"Iris G. Shelton","senha":"A002","codigo":"A002"},"disciplina":{"nome":"Geografia ","aulasTotais":10,"vagas":20,"vagasPreenchidas":8},"semestre":2020.2,"notas":[0.0,0.0,0.0,0.0],"faltas":0,"cursando":0},{"aluno":{"nome":"Frances B. Guerrero","senha":"A003","codigo":"A003"},"disciplina":{"nome":"Geografia ","aulasTotais":10,"vagas":20,"vagasPreenchidas":8},"semestre":2020.2,"notas":[0.0,0.0,0.0,0.0],"faltas":0,"cursando":0},{"aluno":{"nome":"Kenneth T. Wynn","senha":"A004","codigo":"A004"},"disciplina":{"nome":"Geografia ","aulasTotais":10,"vagas":20,"vagasPreenchidas":8},"semestre":2020.2,"notas":[0.0,0.0,0.0,0.0],"faltas":0,"cursando":0},{"aluno":{"nome":"Gary J. Barlow","senha":"A005","codigo":"A005"},"disciplina":{"nome":"Geografia ","aulasTotais":10,"vagas":20,"vagasPreenchidas":8},"semestre":2020.2,"notas":[0.0,0.0,0.0,0.0],"faltas":0,"cursando":0},{"aluno":{"nome":"Nancy A. Summers","senha":"A006","codigo":"A006"},"disciplina":{"nome":"Geografia ","aulasTotais":10,"vagas":20,"vagasPreenchidas":8},"semestre":2020.2,"notas":[0.0,0.0,0.0,0.0],"faltas":0,"cursando":0},{"aluno":{"nome":"Tim B. Gallagher","senha":"A007","codigo":"A007"},"disciplina":{"nome":"Geografia ","aulasTotais":10,"vagas":20,"vagasPreenchidas":8},"semestre":2020.2,"notas":[0.0,0.0,0.0,0.0],"faltas":0,"cursando":0},{"aluno":{"nome":"Paula C. Lillard","senha":"A008","codigo":"A008"},"disciplina":{"nome":"Geografia ","aulasTotais":10,"vagas":20,"vagasPreenchidas":8},"semestre":2020.2,"notas":[0.0,0.0,0.0,0.0],"faltas":0,"cursando":0},{"aluno":{"nome":"Nancy A. Summers","senha":"A006","codigo":"A006"},"disciplina":{"nome":"Matemática ","aulasTotais":40,"vagas":30,"vagasPreenchidas":13},"semestre":2020.2,"notas":[0.0,0.0,0.0,0.0],"faltas":0,"cursando":0},{"aluno":{"nome":"Nancy A. Summers","senha":"A006","codigo":"A006"},"disciplina":{"nome":"Artes","aulasTotais":40,"vagas":30,"vagasPreenchidas":8},"semestre":2020.2,"notas":[0.0,0.0,0.0,0.0],"faltas":0,"cursando":0},{"aluno":{"nome":"Nancy A. Summers","senha":"A006","codigo":"A006"},"disciplina":{"nome":"Biologia ","aulasTotais":40,"vagas":30,"vagasPreenchidas":10},"semestre":2020.2,"notas":[0.0,0.0,0.0,0.0],"faltas":0,"cursando":0},{"aluno":{"nome":"Nancy A. Summers","senha":"A006","codigo":"A006"},"disciplina":{"nome":"Física ","aulasTotais":40,"vagas":30,"vagasPreenchidas":10},"semestre":2020.2,"notas":[0.0,0.0,0.0,0.0],"faltas":0,"cursando":0},{"aluno":{"nome":"Nancy A. Summers","senha":"A006","codigo":"A006"},"disciplina":{"nome":"História ","aulasTotais":40,"vagas":30,"vagasPreenchidas":9},"semestre":2020.2,"notas":[0.0,0.0,0.0,0.0],"faltas":0,"cursando":0},{"aluno":{"nome":"Tim B. Gallagher","senha":"A007","codigo":"A007"},"disciplina":{"nome":"Matemática ","aulasTotais":40,"vagas":30,"vagasPreenchidas":13},"semestre":2020.2,"notas":[0.0,0.0,0.0,0.0],"faltas":0,"cursando":0},{"aluno":{"nome":"Tim B. Gallagher","senha":"A007","codigo":"A007"},"disciplina":{"nome":"Artes","aulasTotais":40,"vagas":30,"vagasPreenchidas":8},"semestre":2020.2,"notas":[0.0,0.0,0.0,0.0],"faltas":0,"cursando":0},{"aluno":{"nome":"Tim B. Gallagher","senha":"A007","codigo":"A007"},"disciplina":{"nome":"Biologia ","aulasTotais":40,"vagas":30,"vagasPreenchidas":10},"semestre":2020.2,"notas":[0.0,0.0,0.0,0.0],"faltas":0,"cursando":0},{"aluno":{"nome":"Tim B. Gallagher","senha":"A007","codigo":"A007"},"disciplina":{"nome":"Física ","aulasTotais":40,"vagas":30,"vagasPreenchidas":10},"semestre":2020.2,"notas":[0.0,0.0,0.0,0.0],"faltas":0,"cursando":0},{"aluno":{"nome":"Tim B. Gallagher","senha":"A007","codigo":"A007"},"disciplina":{"nome":"História ","aulasTotais":40,"vagas":30,"vagasPreenchidas":9},"semestre":2020.2,"notas":[0.0,0.0,0.0,0.0],"faltas":0,"cursando":0},{"aluno":{"nome":"Paula C. Lillard","senha":"A008","codigo":"A008"},"disciplina":{"nome":"Matemática ","aulasTotais":40,"vagas":30,"vagasPreenchidas":13},"semestre":2020.2,"notas":[0.0,0.0,0.0,0.0],"faltas":0,"cursando":0},{"aluno":{"nome":"Paula C. Lillard","senha":"A008","codigo":"A008"},"disciplina":{"nome":"Artes","aulasTotais":40,"vagas":30,"vagasPreenchidas":8},"semestre":2020.2,"notas":[0.0,0.0,0.0,0.0],"faltas":0,"cursando":0},{"aluno":{"nome":"Paula C. Lillard","senha":"A008","codigo":"A008"},"disciplina":{"nome":"Biologia ","aulasTotais":40,"vagas":30,"vagasPreenchidas":10},"semestre":2020.2,"notas":[0.0,0.0,0.0,0.0],"faltas":0,"cursando":0},{"aluno":{"nome":"Paula C. Lillard","senha":"A008","codigo":"A008"},"disciplina":{"nome":"Física ","aulasTotais":40,"vagas":30,"vagasPreenchidas":10},"semestre":2020.2,"notas":[0.0,0.0,0.0,0.0],"faltas":0,"cursando":0},{"aluno":{"nome":"Paula C. Lillard","senha":"A008","codigo":"A008"},"disciplina":{"nome":"História ","aulasTotais":40,"vagas":30,"vagasPreenchidas":9},"semestre":2020.2,"notas":[0.0,0.0,0.0,0.0],"faltas":0,"cursando":0}]