[{"nome":"Tammy J. Scheetz","senha":"A001","codigo":"A001"},{"nome":"Iris G. Shelton","senha":"A002","codigo":"A002"},{"nome":"Frances B. Guerrero","senha":"A003","codigo":"A003"},{"nome":"Kenneth T. Wynn","senha":"A004","codigo":"A004"},{"nome":"Gary J. Barlow","senha":"A005","codigo":"A005"},{"nome":"Nancy A. Summers","senha":"A006","codigo":"A006"},{"nome":"Tim B. Gallagher","senha":"A007","codigo":"A007"},{"nome":"Paula C. Lillard","senha":"A008","codigo":"A008"},{"nome":"Luca Lemos","senha":"A009","codigo":"A009"},{"nome":"gabriel","senha":"123","codigo":"123"}]