[{"disciplina":{"nome":"Matemática ","aulasTotais":40,"vagas":30,"vagasPreenchidas":0},"nome":"Evelyn D. Thomas","senha":"P001","codigo":"P001"},{"disciplina":{"nome":"Artes","aulasTotais":40,"vagas":30,"vagasPreenchidas":0},"nome":"John J. Weddle","senha":"P002","codigo":"P002"},{"disciplina":{"nome":"Biologia ","aulasTotais":40,"vagas":30,"vagasPreenchidas":0},"nome":"Susan L. Barber","senha":"P003","codigo":"P003"},{"disciplina":{"nome":"Física ","aulasTotais":40,"vagas":30,"vagasPreenchidas":0},"nome":"Donald C. Hardin","senha":"P004","codigo":"P004"},{"disciplina":{"nome":"História ","aulasTotais":40,"vagas":30,"vagasPreenchidas":0},"nome":"Anton P. Alley","senha":"P005","codigo":"P005"},{"disciplina":{"nome":"Geografia ","aulasTotais":10,"vagas":20,"vagasPreenchidas":8},"nome":"Ellen C. Reyna","senha":"P006","codigo":"P006"}]